,external_urls.spotify,followers.href,followers.total,genres,href,id,images,name,popularity,type,uri
0,https://open.spotify.com/artist/4sTQVOfp9vEMCemLw50sbu,,2644964,"['big room', 'dance pop', 'edm', 'electro house', 'pop', 'tropical house']",https://api.spotify.com/v1/artists/4sTQVOfp9vEMCemLw50sbu,4sTQVOfp9vEMCemLw50sbu,"[{'height': 640, 'url': 'https://i.scdn.co/image/5f57c69e2c34edb9847af7ada2e67449d1754df1', 'width': 640}, {'height': 320, 'url': 'https://i.scdn.co/image/ee7bfb312bb89c01762c9a8912abd9931639487c', 'width': 320}, {'height': 160, 'url': 'https://i.scdn.co/image/f890bef481e6459d799143f76c7edc59c4ae347b', 'width': 160}]",Galantis,78,artist,spotify:artist:4sTQVOfp9vEMCemLw50sbu
1,https://open.spotify.com/artist/13JJKrUewC1CJYmIDXQNoH,,416688,"['argentine rock', 'latin alternative', 'latin rock', 'rock en espanol']",https://api.spotify.com/v1/artists/13JJKrUewC1CJYmIDXQNoH,13JJKrUewC1CJYmIDXQNoH,"[{'height': 640, 'url': 'https://i.scdn.co/image/2ca26ac6794b6eda9176b1a1820af220894b88e1', 'width': 640}, {'height': 320, 'url': 'https://i.scdn.co/image/509843f7836d2216d8ccda930a885bd064e5ff26', 'width': 320}, {'height': 160, 'url': 'https://i.scdn.co/image/5dc353774bf0219026e629f878bc20ada2d00735', 'width': 160}]",El Cuarteto De Nos,66,artist,spotify:artist:13JJKrUewC1CJYmIDXQNoH
2,https://open.spotify.com/artist/7rne4LJNgXjjgb8Q9s8qCl,,3883,"['argentine hip hop', 'rap uruguayo']",https://api.spotify.com/v1/artists/7rne4LJNgXjjgb8Q9s8qCl,7rne4LJNgXjjgb8Q9s8qCl,"[{'height': 640, 'url': 'https://i.scdn.co/image/799c74e2b50ed4f7376fd81d90260d339675bacb', 'width': 640}, {'height': 320, 'url': 'https://i.scdn.co/image/4d4bfc6c6c08a3991cf0c25032d3db5a5820272c', 'width': 320}, {'height': 160, 'url': 'https://i.scdn.co/image/520a9fb17a073aa6dec04948556a0ab62ee2c493', 'width': 160}]",Los Buenos Modales,32,artist,spotify:artist:7rne4LJNgXjjgb8Q9s8qCl
3,https://open.spotify.com/artist/4tZwfgrHOc3mvqYlEYSvVi,,5412551,"['electro', 'electronic', 'filter house']",https://api.spotify.com/v1/artists/4tZwfgrHOc3mvqYlEYSvVi,4tZwfgrHOc3mvqYlEYSvVi,"[{'height': 1000, 'url': 'https://i.scdn.co/image/1914cb5697a8d1564dba418a27a7551d7243b79c', 'width': 1000}, {'height': 640, 'url': 'https://i.scdn.co/image/486fee1d3efda3ff7eeee2016d18f279cae9c77e', 'width': 640}, {'height': 200, 'url': 'https://i.scdn.co/image/ab7eb5c69836f3d7a124f4c88d42bd8a4b6e127b', 'width': 200}, {'height': 64, 'url': 'https://i.scdn.co/image/94a2b2dc5ed7726c7c4cc050b7a1ce210bae6611', 'width': 64}]",Daft Punk,82,artist,spotify:artist:4tZwfgrHOc3mvqYlEYSvVi
4,https://open.spotify.com/artist/5wJK4kQAkVGjqM9x46KQOC,,411393,"['german techno', 'hamburg electronic', 'microhouse', 'minimal techno', 'tech house']",https://api.spotify.com/v1/artists/5wJK4kQAkVGjqM9x46KQOC,5wJK4kQAkVGjqM9x46KQOC,"[{'height': 640, 'url': 'https://i.scdn.co/image/7b5bfafaa4a3cd0ccbdc96736b7cd7023a64b43e', 'width': 640}, {'height': 320, 'url': 'https://i.scdn.co/image/a7166d9f844c2af97e90fb507091b66e58491dba', 'width': 320}, {'height': 160, 'url': 'https://i.scdn.co/image/5e42f50f012b8947f800a9acd6ce34de538a75db', 'width': 160}]",Solomun,63,artist,spotify:artist:5wJK4kQAkVGjqM9x46KQOC
5,https://open.spotify.com/artist/23fqKkggKUBHNkbKtXEls4,,5177893,"['edm', 'pop', 'tropical house']",https://api.spotify.com/v1/artists/23fqKkggKUBHNkbKtXEls4,23fqKkggKUBHNkbKtXEls4,"[{'height': 640, 'url': 'https://i.scdn.co/image/1caaca2be637b0c56bb0ede637e36a8bcca149d1', 'width': 640}, {'height': 320, 'url': 'https://i.scdn.co/image/4d530661a929ae7eaddc8fb94e45dd7376f00bd6', 'width': 320}, {'height': 160, 'url': 'https://i.scdn.co/image/60d18612c09315ecd91b38997a69ccab25863fb6', 'width': 160}]",Kygo,89,artist,spotify:artist:23fqKkggKUBHNkbKtXEls4
6,https://open.spotify.com/artist/4nTNHKAVWQyqnvRuBW4N4V,,69450,"['cumbia paraguaya', 'cumbia pop']",https://api.spotify.com/v1/artists/4nTNHKAVWQyqnvRuBW4N4V,4nTNHKAVWQyqnvRuBW4N4V,"[{'height': 640, 'url': 'https://i.scdn.co/image/1b5ccf5cc03abd19bfab404e86011341e81971f2', 'width': 640}, {'height': 320, 'url': 'https://i.scdn.co/image/fd5c30291ce1001866732f549658f2707f443475', 'width': 320}, {'height': 160, 'url': 'https://i.scdn.co/image/64e47ee18f907aa495fa496ada74466d834a0f60', 'width': 160}]",El Super Hobby,45,artist,spotify:artist:4nTNHKAVWQyqnvRuBW4N4V
7,https://open.spotify.com/artist/1mXAhKnZEdF6rotyyd4GBi,,6288354,"['funk carioca', 'funk ostentacao']",https://api.spotify.com/v1/artists/1mXAhKnZEdF6rotyyd4GBi,1mXAhKnZEdF6rotyyd4GBi,"[{'height': 640, 'url': 'https://i.scdn.co/image/a3a12662f1a040b39c726502b7f6f1bd2fe6e281', 'width': 640}, {'height': 320, 'url': 'https://i.scdn.co/image/ecafaddd75af2a0c3ac78955e1c7502dc0dff65b', 'width': 320}, {'height': 160, 'url': 'https://i.scdn.co/image/49cb6b7dac125f2cdacdbdea1f89658b0924b55f', 'width': 160}]",MC Kevinho,77,artist,spotify:artist:1mXAhKnZEdF6rotyyd4GBi
8,https://open.spotify.com/artist/1aOhJVEGjCbYJLYPCitGdm,,79064,['cumbia pop'],https://api.spotify.com/v1/artists/1aOhJVEGjCbYJLYPCitGdm,1aOhJVEGjCbYJLYPCitGdm,"[{'height': 640, 'url': 'https://i.scdn.co/image/a57983310e6ad05819d24abcffd9cc7acfd6b7c1', 'width': 640}, {'height': 320, 'url': 'https://i.scdn.co/image/a9a0b01d4c42906a4499b843df9e3449ae663918', 'width': 320}, {'height': 160, 'url': 'https://i.scdn.co/image/f614b25b1b96baedeec31a036271b3dce2f3c904', 'width': 160}]",Pijama Party,46,artist,spotify:artist:1aOhJVEGjCbYJLYPCitGdm
9,https://open.spotify.com/artist/2CIMQHirSU0MQqyYHq0eOx,,2269797,"['big room', 'canadian electronic', 'edm', 'electro house', 'progressive house']",https://api.spotify.com/v1/artists/2CIMQHirSU0MQqyYHq0eOx,2CIMQHirSU0MQqyYHq0eOx,"[{'height': 640, 'url': 'https://i.scdn.co/image/86e8991077d6ce237be8f24dbc65e90f2e1f2a43', 'width': 640}, {'height': 320, 'url': 'https://i.scdn.co/image/cd362662352ce88b693b1a31cf5c9784730291dd', 'width': 320}, {'height': 160, 'url': 'https://i.scdn.co/image/70e010473dc0f158253111e035c71086fb7904fa', 'width': 160}]",deadmau5,70,artist,spotify:artist:2CIMQHirSU0MQqyYHq0eOx
10,https://open.spotify.com/artist/1vCWHaC5f2uS3yhpwWbIA6,,14206678,"['big room', 'edm', 'pop']",https://api.spotify.com/v1/artists/1vCWHaC5f2uS3yhpwWbIA6,1vCWHaC5f2uS3yhpwWbIA6,"[{'height': 640, 'url': 'https://i.scdn.co/image/81b19a403109c4fe528ee3972137127b85be9519', 'width': 640}, {'height': 320, 'url': 'https://i.scdn.co/image/9c0d8fa969a9f5db6ff860203d6880a125e501d2', 'width': 320}, {'height': 160, 'url': 'https://i.scdn.co/image/c55bc6f57b6bb297425c3ae694f92672dcf0e2c2', 'width': 160}]",Avicii,91,artist,spotify:artist:1vCWHaC5f2uS3yhpwWbIA6
11,https://open.spotify.com/artist/1Mxqyy3pSjf8kZZL4QVxS0,,3078555,"['adult standards', 'easy listening', 'lounge']",https://api.spotify.com/v1/artists/1Mxqyy3pSjf8kZZL4QVxS0,1Mxqyy3pSjf8kZZL4QVxS0,"[{'height': 650, 'url': 'https://i.scdn.co/image/fc4e0f474fb4c4cb83617aa884dc9fd9822d4411', 'width': 999}, {'height': 416, 'url': 'https://i.scdn.co/image/883de3e492364891543bc0313ffe516626778a16', 'width': 640}, {'height': 130, 'url': 'https://i.scdn.co/image/810f29651e05c9eae5a31f8151c2e05dc46390f9', 'width': 200}, {'height': 42, 'url': 'https://i.scdn.co/image/a283ecdc6252ae305c53d283846cae2e8b22e94c', 'width': 64}]",Frank Sinatra,78,artist,spotify:artist:1Mxqyy3pSjf8kZZL4QVxS0
12,https://open.spotify.com/artist/5JZ7CnR6gTvEMKX4g70Amv,,1446597,"['dance pop', 'pop', 'post-teen pop']",https://api.spotify.com/v1/artists/5JZ7CnR6gTvEMKX4g70Amv,5JZ7CnR6gTvEMKX4g70Amv,"[{'height': 640, 'url': 'https://i.scdn.co/image/1fd86879cc0e5725582b75719ff0c73ca634ce06', 'width': 640}, {'height': 320, 'url': 'https://i.scdn.co/image/0937c565d13ed7aa56d7ea612fadb0c571383714', 'width': 320}, {'height': 160, 'url': 'https://i.scdn.co/image/cc783efbcce980a162177f4220851d5c06447cdf', 'width': 160}]",Lauv,85,artist,spotify:artist:5JZ7CnR6gTvEMKX4g70Amv
13,https://open.spotify.com/artist/2YET8l4BuoMZSB3aiZ7Cg4,,25,[],https://api.spotify.com/v1/artists/2YET8l4BuoMZSB3aiZ7Cg4,2YET8l4BuoMZSB3aiZ7Cg4,"[{'height': 640, 'url': 'https://i.scdn.co/image/741bd8b0293f3516ea61ae8c1cf1709b2fabebc4', 'width': 640}, {'height': 300, 'url': 'https://i.scdn.co/image/4cce2927f8e63bb4306624a2d168dfbd59ab9b59', 'width': 300}, {'height': 64, 'url': 'https://i.scdn.co/image/25f334526a1f8ee7719d7b26f26d0a9384265e4d', 'width': 64}]",Stopelli,0,artist,spotify:artist:2YET8l4BuoMZSB3aiZ7Cg4
14,https://open.spotify.com/artist/7n2wHs1TKAczGzO7Dd2rGr,,18286227,"['canadian pop', 'dance pop', 'pop', 'viral pop']",https://api.spotify.com/v1/artists/7n2wHs1TKAczGzO7Dd2rGr,7n2wHs1TKAczGzO7Dd2rGr,"[{'height': 640, 'url': 'https://i.scdn.co/image/6bd59cfbd3e1e6394af710bddcd62999aae31c6f', 'width': 640}, {'height': 320, 'url': 'https://i.scdn.co/image/3e0c03d2ef76a80913734e90cf466f9e1478e88c', 'width': 320}, {'height': 160, 'url': 'https://i.scdn.co/image/4ff072e64ddd4098ec1f089fb80839b396a19505', 'width': 160}]",Shawn Mendes,95,artist,spotify:artist:7n2wHs1TKAczGzO7Dd2rGr
15,https://open.spotify.com/artist/4El3COwcIdiD8VXs53VXBg,,558,[],https://api.spotify.com/v1/artists/4El3COwcIdiD8VXs53VXBg,4El3COwcIdiD8VXs53VXBg,[],Cessyl Orchestra,33,artist,spotify:artist:4El3COwcIdiD8VXs53VXBg
16,https://open.spotify.com/artist/5n9bMYfz9qss2VOW89EVs2,,712309,"['cumbia', 'latin alternative']",https://api.spotify.com/v1/artists/5n9bMYfz9qss2VOW89EVs2,5n9bMYfz9qss2VOW89EVs2,"[{'height': 640, 'url': 'https://i.scdn.co/image/4065daed3c581bf95e03833eb7a38255d0930d64', 'width': 640}, {'height': 320, 'url': 'https://i.scdn.co/image/aae75e8f1555b70a6326ea829e89cd15b3b13966', 'width': 320}, {'height': 160, 'url': 'https://i.scdn.co/image/b1599cbba4f5ef1a5f224b3a1820f2e328b97539', 'width': 160}]",Bomba Est√©reo,68,artist,spotify:artist:5n9bMYfz9qss2VOW89EVs2
17,https://open.spotify.com/artist/60d24wfXkVzDSfLS6hyCjZ,,10788362,"['big room', 'edm', 'pop', 'progressive house', 'tropical house']",https://api.spotify.com/v1/artists/60d24wfXkVzDSfLS6hyCjZ,60d24wfXkVzDSfLS6hyCjZ,"[{'height': 640, 'url': 'https://i.scdn.co/image/990f17c31b1cb4b4b2bc7b3d4780e2c9fd3a846a', 'width': 640}, {'height': 320, 'url': 'https://i.scdn.co/image/80db1d349a07da1cdc4ef0ffa20deb08c4faa5e0', 'width': 320}, {'height': 160, 'url': 'https://i.scdn.co/image/c0dc129d8a886a2c9bf487b826c3614a6630fb9c', 'width': 160}]",Martin Garrix,88,artist,spotify:artist:60d24wfXkVzDSfLS6hyCjZ
18,https://open.spotify.com/artist/3WGpXCj9YhhfX11TToZcXP,,3610963,"['dance pop', 'pop', 'post-teen pop', 'r&b', 'viral pop']",https://api.spotify.com/v1/artists/3WGpXCj9YhhfX11TToZcXP,3WGpXCj9YhhfX11TToZcXP,"[{'height': 640, 'url': 'https://i.scdn.co/image/6344b8eaca2f7d125e05594807f00c244be205a5', 'width': 640}, {'height': 320, 'url': 'https://i.scdn.co/image/d87a88668cd645a79e8957f7ec9c5dfcd5d724f5', 'width': 320}, {'height': 160, 'url': 'https://i.scdn.co/image/3ff2d3f0c59b7a2f528ee24aef2e4b1de8987223', 'width': 160}]",Troye Sivan,83,artist,spotify:artist:3WGpXCj9YhhfX11TToZcXP
19,https://open.spotify.com/artist/5HgYp4LTsgdeeclzVlrtfO,,7599,"['latin funk', 'rap uruguayo']",https://api.spotify.com/v1/artists/5HgYp4LTsgdeeclzVlrtfO,5HgYp4LTsgdeeclzVlrtfO,"[{'height': 640, 'url': 'https://i.scdn.co/image/f01e99dd579cb882647a741ab28e4da8711cdb0d', 'width': 640}, {'height': 320, 'url': 'https://i.scdn.co/image/8e43750da84f487565b182fb6b9bda7055d3e2dc', 'width': 320}, {'height': 160, 'url': 'https://i.scdn.co/image/15be9c157088713f33d7203c14748f49411b0eb4', 'width': 160}]",Dostrescinco,39,artist,spotify:artist:5HgYp4LTsgdeeclzVlrtfO
20,https://open.spotify.com/artist/0WnP62TjkFfRrt52yE8zcX,,101882,"['canto popular uruguayo', 'cumbia pop', 'cumbia uruguaya']",https://api.spotify.com/v1/artists/0WnP62TjkFfRrt52yE8zcX,0WnP62TjkFfRrt52yE8zcX,"[{'height': 640, 'url': 'https://i.scdn.co/image/97a4919443e43be5b05435e0e54378e0bf4dc34d', 'width': 640}, {'height': 320, 'url': 'https://i.scdn.co/image/b3f30a707a1c3d5d14ca80cd414acd78b1cea1a5', 'width': 320}, {'height': 160, 'url': 'https://i.scdn.co/image/41939e11c1de16cc0863c585c229e4bb46beb1cb', 'width': 160}]",Lucas Sugo,57,artist,spotify:artist:0WnP62TjkFfRrt52yE8zcX
21,https://open.spotify.com/artist/5ZsFI1h6hIdQRw2ti0hz81,,8494226,"['dance pop', 'pop', 'post-teen pop']",https://api.spotify.com/v1/artists/5ZsFI1h6hIdQRw2ti0hz81,5ZsFI1h6hIdQRw2ti0hz81,"[{'height': 640, 'url': 'https://i.scdn.co/image/90e30d448412c75b896da19a68db1da01ed99133', 'width': 640}, {'height': 320, 'url': 'https://i.scdn.co/image/d5c97e47258ee626609b29b2891530f6a4731e6b', 'width': 320}, {'height': 160, 'url': 'https://i.scdn.co/image/ce0904e6f7a97aad1c6a4bea800c5de020b86701', 'width': 160}]",ZAYN,84,artist,spotify:artist:5ZsFI1h6hIdQRw2ti0hz81
22,https://open.spotify.com/artist/6eUKZXaKkcviH0Ku9w2n3V,,47663373,"['pop', 'uk pop']",https://api.spotify.com/v1/artists/6eUKZXaKkcviH0Ku9w2n3V,6eUKZXaKkcviH0Ku9w2n3V,"[{'height': 640, 'url': 'https://i.scdn.co/image/f55cab0739390cf3b2c2f773b9c779b2f0ae8a99', 'width': 640}, {'height': 320, 'url': 'https://i.scdn.co/image/31e1cfee4ec3849bf3036a037cbbf57239f5c7a2', 'width': 320}, {'height': 160, 'url': 'https://i.scdn.co/image/f2e3eb4c81da6cd2f32036ab0946c6bbfe4a86b7', 'width': 160}]",Ed Sheeran,100,artist,spotify:artist:6eUKZXaKkcviH0Ku9w2n3V
23,https://open.spotify.com/artist/1ENCqEAeCXbL7fXwxJspod,,434,"['argentine hip hop', 'rap uruguayo']",https://api.spotify.com/v1/artists/1ENCqEAeCXbL7fXwxJspod,1ENCqEAeCXbL7fXwxJspod,"[{'height': 640, 'url': 'https://i.scdn.co/image/6cc9e541c709c94d0e3a854fe5c27550dc9cee66', 'width': 640}, {'height': 320, 'url': 'https://i.scdn.co/image/8eeb21badd13506684787d7c98c977a29d790728', 'width': 320}, {'height': 160, 'url': 'https://i.scdn.co/image/7c6e2ea699dc7a38916229ab253131177dfd0868', 'width': 160}]",Zalo Solo,19,artist,spotify:artist:1ENCqEAeCXbL7fXwxJspod
24,https://open.spotify.com/artist/7j3rplwFIjrg9Wm1yrHLx6,,2532,"['rap uruguayo', 'uruguayan indie']",https://api.spotify.com/v1/artists/7j3rplwFIjrg9Wm1yrHLx6,7j3rplwFIjrg9Wm1yrHLx6,"[{'height': 640, 'url': 'https://i.scdn.co/image/3d38df6d46c93e5c06286509add8858aa12a155c', 'width': 640}, {'height': 320, 'url': 'https://i.scdn.co/image/a397daac99cdae1a7cbdf3c23816e07e1e22a935', 'width': 320}, {'height': 160, 'url': 'https://i.scdn.co/image/e8e58706c70d049402acaeedc931679c7130a05a', 'width': 160}]",Arquero,37,artist,spotify:artist:7j3rplwFIjrg9Wm1yrHLx6
25,https://open.spotify.com/artist/1i8SpTcr7yvPOmcqrbnVXY,,17775875,"['reggaeton', 'trap latino']",https://api.spotify.com/v1/artists/1i8SpTcr7yvPOmcqrbnVXY,1i8SpTcr7yvPOmcqrbnVXY,"[{'height': 640, 'url': 'https://i.scdn.co/image/490e6f87a88682ba890bfaedee0dd0f512fe5c1e', 'width': 640}, {'height': 320, 'url': 'https://i.scdn.co/image/fc712eaffbed83f15962e0ed98a2e6145492a8e5', 'width': 320}, {'height': 160, 'url': 'https://i.scdn.co/image/a9198e2ed3039f11d25c8068f8504f28acc8696d', 'width': 160}]",Ozuna,95,artist,spotify:artist:1i8SpTcr7yvPOmcqrbnVXY
26,https://open.spotify.com/artist/1HBjj22wzbscIZ9sEb5dyf,,2126531,"['dance pop', 'edm', 'pop', 'tropical house', 'uk dance']",https://api.spotify.com/v1/artists/1HBjj22wzbscIZ9sEb5dyf,1HBjj22wzbscIZ9sEb5dyf,"[{'height': 640, 'url': 'https://i.scdn.co/image/58ce5027edd7cb785842f8bbe9689dec4bff71ab', 'width': 640}, {'height': 320, 'url': 'https://i.scdn.co/image/e7c44dcb7b986a2dfab6f7042bc3765d35dd0fb6', 'width': 320}, {'height': 160, 'url': 'https://i.scdn.co/image/789725e7f9b7be622fd1bdce8a463c29698ba964', 'width': 160}]",Jonas Blue,86,artist,spotify:artist:1HBjj22wzbscIZ9sEb5dyf
27,https://open.spotify.com/artist/2MG46ekjBSFwPgzoIZvHFU,,55458,[],https://api.spotify.com/v1/artists/2MG46ekjBSFwPgzoIZvHFU,2MG46ekjBSFwPgzoIZvHFU,"[{'height': 640, 'url': 'https://i.scdn.co/image/3aa392573a4378a112c00471a193a43be65ef70e', 'width': 640}, {'height': 300, 'url': 'https://i.scdn.co/image/b688b29da71fe0431f5c0a119cbd1827d3d6a3fe', 'width': 300}, {'height': 64, 'url': 'https://i.scdn.co/image/50d761285e0946853d9e252adbb3447e95b802ea', 'width': 64}]",Keira Knightley,53,artist,spotify:artist:2MG46ekjBSFwPgzoIZvHFU
28,https://open.spotify.com/artist/3YCbz6dwAhfxl5xiSaZLtX,,503,[],https://api.spotify.com/v1/artists/3YCbz6dwAhfxl5xiSaZLtX,3YCbz6dwAhfxl5xiSaZLtX,"[{'height': 640, 'url': 'https://i.scdn.co/image/d44a2054c5a88df07ad96b30f03bd2773ce6489c', 'width': 640}, {'height': 300, 'url': 'https://i.scdn.co/image/97fff40c0ae1664d04260c336028acc8be664117', 'width': 300}, {'height': 64, 'url': 'https://i.scdn.co/image/e4c152e1b04e39c3420649f896d80e7d405a68e3', 'width': 64}]",Gula,21,artist,spotify:artist:3YCbz6dwAhfxl5xiSaZLtX
29,https://open.spotify.com/artist/4bYPcJP5jwMhSivRcqie2n,,734054,['pop rock'],https://api.spotify.com/v1/artists/4bYPcJP5jwMhSivRcqie2n,4bYPcJP5jwMhSivRcqie2n,"[{'height': 1000, 'url': 'https://i.scdn.co/image/6a38b5c1fabb83ba5db7ff3dfe99da2150af26e3', 'width': 1000}, {'height': 640, 'url': 'https://i.scdn.co/image/0bf3058d5efee0aee51a24d2cebe6b8162f2e552', 'width': 640}, {'height': 200, 'url': 'https://i.scdn.co/image/8bb37816ccc5acd1892d7076b7b7bb63dff69a3e', 'width': 200}, {'height': 64, 'url': 'https://i.scdn.co/image/3895515456475c93c0259485cf56514931dc3638', 'width': 64}]",Adam Levine,72,artist,spotify:artist:4bYPcJP5jwMhSivRcqie2n
30,https://open.spotify.com/artist/3qm84nBOXUEQ2vnTfUTTFC,,12953392,"['glam metal', 'hard rock', 'rock']",https://api.spotify.com/v1/artists/3qm84nBOXUEQ2vnTfUTTFC,3qm84nBOXUEQ2vnTfUTTFC,"[{'height': 640, 'url': 'https://i.scdn.co/image/80920b4fc80b6d970e2934eb8abe27014fc60632', 'width': 640}, {'height': 320, 'url': 'https://i.scdn.co/image/18a0c85501ed5b614510a194bb238ac323dcc5a4', 'width': 320}, {'height': 160, 'url': 'https://i.scdn.co/image/7fad9d837d4132de0008da41b98ce3fc29433d7e', 'width': 160}]",Guns N' Roses,82,artist,spotify:artist:3qm84nBOXUEQ2vnTfUTTFC
31,https://open.spotify.com/artist/7CajNmpbOovFoOoasH2HaY,,17485023,"['edm', 'electro house', 'house', 'pop', 'progressive house', 'uk dance']",https://api.spotify.com/v1/artists/7CajNmpbOovFoOoasH2HaY,7CajNmpbOovFoOoasH2HaY,"[{'height': 640, 'url': 'https://i.scdn.co/image/1fd90cd274102d458ec3a9243ced32e659738133', 'width': 640}, {'height': 320, 'url': 'https://i.scdn.co/image/1a26780c2c7dac2c1a170b874997fad15e3d2449', 'width': 320}, {'height': 160, 'url': 'https://i.scdn.co/image/f7ed25ea825451b9b19b6d5ef4826778413768e2', 'width': 160}]",Calvin Harris,89,artist,spotify:artist:7CajNmpbOovFoOoasH2HaY
32,https://open.spotify.com/artist/3oVa1dCIWhoJ4cTFgrEgWG,,1280,"['argentine hip hop', 'rap uruguayo']",https://api.spotify.com/v1/artists/3oVa1dCIWhoJ4cTFgrEgWG,3oVa1dCIWhoJ4cTFgrEgWG,"[{'height': 640, 'url': 'https://i.scdn.co/image/528049cbd12b440a7ae5cecab36682881e3fc2f6', 'width': 640}, {'height': 300, 'url': 'https://i.scdn.co/image/7c59e9ccfe57073ae687c0383e1e40574d93318d', 'width': 300}, {'height': 64, 'url': 'https://i.scdn.co/image/7ce636de6dd0a1c8a6a6fda3118b77f043040753', 'width': 64}]",Santi Mostaffa,33,artist,spotify:artist:3oVa1dCIWhoJ4cTFgrEgWG
33,https://open.spotify.com/artist/3vQ0GE3mI0dAaxIMYe5g7z,,6030459,"['argentine hip hop', 'trap argentino', 'trap latino']",https://api.spotify.com/v1/artists/3vQ0GE3mI0dAaxIMYe5g7z,3vQ0GE3mI0dAaxIMYe5g7z,"[{'height': 640, 'url': 'https://i.scdn.co/image/4e9bf81386b244402651cb4a2c5b68a56cfbd211', 'width': 640}, {'height': 320, 'url': 'https://i.scdn.co/image/1e13013faeb14bdae78fd3973c6b0202fdc56ec3', 'width': 320}, {'height': 160, 'url': 'https://i.scdn.co/image/886c377765d38091958dfc1fe38cb576aa5a9c92', 'width': 160}]",Paulo Londra,89,artist,spotify:artist:3vQ0GE3mI0dAaxIMYe5g7z
34,https://open.spotify.com/artist/66CXWjxzNUsdJxJ2JdwvnR,,32684397,"['dance pop', 'pop', 'post-teen pop']",https://api.spotify.com/v1/artists/66CXWjxzNUsdJxJ2JdwvnR,66CXWjxzNUsdJxJ2JdwvnR,"[{'height': 640, 'url': 'https://i.scdn.co/image/b1dfbe843b0b9f54ab2e588f33e7637d2dab065a', 'width': 640}, {'height': 320, 'url': 'https://i.scdn.co/image/b189cb24f45db92780d1aa6c81aee69b8defa03a', 'width': 320}, {'height': 160, 'url': 'https://i.scdn.co/image/3c4516cf74d09cf93db7536ce8826df28fba4156', 'width': 160}]",Ariana Grande,94,artist,spotify:artist:66CXWjxzNUsdJxJ2JdwvnR
35,https://open.spotify.com/artist/0pu9CItC6Ei7YDVdP7Bz1f,,144,[],https://api.spotify.com/v1/artists/0pu9CItC6Ei7YDVdP7Bz1f,0pu9CItC6Ei7YDVdP7Bz1f,"[{'height': 640, 'url': 'https://i.scdn.co/image/7e0cabf6f915a47fce3f2c3dca45e4299d71ddb0', 'width': 640}, {'height': 320, 'url': 'https://i.scdn.co/image/65e0c8742cb5a6f0b43b65e3a4fc2186f9eb8bf6', 'width': 320}, {'height': 160, 'url': 'https://i.scdn.co/image/26299da950feac21bad2a4d3bb47f01b16465513', 'width': 160}]",BERNA,22,artist,spotify:artist:0pu9CItC6Ei7YDVdP7Bz1f
36,https://open.spotify.com/artist/1HY2Jd0NmPuamShAr6KMms,,8372708,"['dance pop', 'pop']",https://api.spotify.com/v1/artists/1HY2Jd0NmPuamShAr6KMms,1HY2Jd0NmPuamShAr6KMms,"[{'height': 640, 'url': 'https://i.scdn.co/image/ea76c82c05174105751f850c8a1db426dd03aa78', 'width': 640}, {'height': 320, 'url': 'https://i.scdn.co/image/a29a1516492aceeb0789f51aea4cfd2169dc1a0a', 'width': 320}, {'height': 160, 'url': 'https://i.scdn.co/image/b50b8bb23758337b8c8123636ec5a2c83c51febb', 'width': 160}]",Lady Gaga,88,artist,spotify:artist:1HY2Jd0NmPuamShAr6KMms
37,https://open.spotify.com/artist/1zNqDE7qDGCsyzJwohVaoX,,4066485,"['dance pop', 'pop', 'post-teen pop', 'tropical house', 'uk pop']",https://api.spotify.com/v1/artists/1zNqDE7qDGCsyzJwohVaoX,1zNqDE7qDGCsyzJwohVaoX,"[{'height': 640, 'url': 'https://i.scdn.co/image/0668ad650a90a91a6784f46e6f17c5d77b97c48b', 'width': 640}, {'height': 320, 'url': 'https://i.scdn.co/image/dfcb413ed3674ad863a0cf82d7ee1866bda76a5e', 'width': 320}, {'height': 160, 'url': 'https://i.scdn.co/image/341117bbb1d59ce2fc81b244c3375ba69c0b1eec', 'width': 160}]",Anne-Marie,84,artist,spotify:artist:1zNqDE7qDGCsyzJwohVaoX
38,https://open.spotify.com/artist/2R21vXR83lH98kGeO99Y66,,6976665,"['reggaeton flow', 'trap latino']",https://api.spotify.com/v1/artists/2R21vXR83lH98kGeO99Y66,2R21vXR83lH98kGeO99Y66,"[{'height': 640, 'url': 'https://i.scdn.co/image/8eebdbd3738acd6a69228ed3240a06e4e53ca651', 'width': 640}, {'height': 320, 'url': 'https://i.scdn.co/image/7ee6a7a0d196d8aa112f6f9f8aad978fcb69b210', 'width': 320}, {'height': 160, 'url': 'https://i.scdn.co/image/8a5b456a6f113c80a270cdb18b1bbb58bd771b01', 'width': 160}]",Anuel AA,93,artist,spotify:artist:2R21vXR83lH98kGeO99Y66
39,https://open.spotify.com/artist/4VMYDCV2IEDYJArk749S6m,,12124899,"['latin', 'latin hip hop', 'pop', 'reggaeton', 'tropical']",https://api.spotify.com/v1/artists/4VMYDCV2IEDYJArk749S6m,4VMYDCV2IEDYJArk749S6m,"[{'height': 640, 'url': 'https://i.scdn.co/image/e77af6c6f2a7191df0b82bba7c24cd43c439ae9d', 'width': 640}, {'height': 320, 'url': 'https://i.scdn.co/image/28d07c4e5dd0fd37148f4924f6d98a2cee94ffe9', 'width': 320}, {'height': 160, 'url': 'https://i.scdn.co/image/b1ef59e24801e4cd9579e000e744254e37d1f22d', 'width': 160}]",Daddy Yankee,94,artist,spotify:artist:4VMYDCV2IEDYJArk749S6m
40,https://open.spotify.com/artist/6M2wZ9GZgrQXHCFfjv46we,,12517509,"['dance pop', 'pop', 'post-teen pop', 'uk pop']",https://api.spotify.com/v1/artists/6M2wZ9GZgrQXHCFfjv46we,6M2wZ9GZgrQXHCFfjv46we,"[{'height': 640, 'url': 'https://i.scdn.co/image/aa46a79617c6e05f61d2718b189d8fa0dc29863b', 'width': 640}, {'height': 320, 'url': 'https://i.scdn.co/image/198470b3975dd6a38b398f03029109b408baec6f', 'width': 320}, {'height': 160, 'url': 'https://i.scdn.co/image/a9d5315015ea650a6b397059fc83f4c889b61e90', 'width': 160}]",Dua Lipa,87,artist,spotify:artist:6M2wZ9GZgrQXHCFfjv46we
41,https://open.spotify.com/artist/6VuMaDnrHyPL1p4EHjYLi7,,7159254,"['dance pop', 'pop', 'post-teen pop', 'viral pop']",https://api.spotify.com/v1/artists/6VuMaDnrHyPL1p4EHjYLi7,6VuMaDnrHyPL1p4EHjYLi7,"[{'height': 640, 'url': 'https://i.scdn.co/image/47963112e07a107bc02e14fd5f297cc82c76d92a', 'width': 640}, {'height': 320, 'url': 'https://i.scdn.co/image/b2a440211104532feac76903bb8806bced248510', 'width': 320}, {'height': 160, 'url': 'https://i.scdn.co/image/8f52b60917a1ca706ab676970259f6504fcb7b2c', 'width': 160}]",Charlie Puth,82,artist,spotify:artist:6VuMaDnrHyPL1p4EHjYLi7
42,https://open.spotify.com/artist/7f5Zgnp2spUuuzKplmRkt7,,1366730,"['belgian edm', 'edm', 'pop', 'tropical house']",https://api.spotify.com/v1/artists/7f5Zgnp2spUuuzKplmRkt7,7f5Zgnp2spUuuzKplmRkt7,"[{'height': 640, 'url': 'https://i.scdn.co/image/aeec06e8290bc623925df0aa3849ca1cb96dfec7', 'width': 640}, {'height': 320, 'url': 'https://i.scdn.co/image/1e0e99c758be463649cfb8e36bda1dd3d489143a', 'width': 320}, {'height': 160, 'url': 'https://i.scdn.co/image/7de541377175b6d78af8dbcd52826ea464a0c68a', 'width': 160}]",Lost Frequencies,76,artist,spotify:artist:7f5Zgnp2spUuuzKplmRkt7
43,https://open.spotify.com/artist/1Hsdzj7Dlq2I7tHP7501T4,,3884801,"['australian pop', 'dance pop', 'neo mellow', 'pop', 'post-teen pop']",https://api.spotify.com/v1/artists/1Hsdzj7Dlq2I7tHP7501T4,1Hsdzj7Dlq2I7tHP7501T4,"[{'height': 640, 'url': 'https://i.scdn.co/image/2870f08298c8c391f6ce13638a9a5cdaa9845762', 'width': 640}, {'height': 320, 'url': 'https://i.scdn.co/image/ce2a59962acd8cd5d4396fb389aa8f096d14f31d', 'width': 320}, {'height': 160, 'url': 'https://i.scdn.co/image/f3126c7a722ee576dfb3dd33b0360bc4c2ffc4be', 'width': 160}]",Niall Horan,77,artist,spotify:artist:1Hsdzj7Dlq2I7tHP7501T4
44,https://open.spotify.com/artist/1r4hJ1h58CWwUQe3MxPuau,,16149251,['reggaeton'],https://api.spotify.com/v1/artists/1r4hJ1h58CWwUQe3MxPuau,1r4hJ1h58CWwUQe3MxPuau,"[{'height': 640, 'url': 'https://i.scdn.co/image/d12586e8e67dffd2ea281d6eeefbe4b06b06b69a', 'width': 640}, {'height': 320, 'url': 'https://i.scdn.co/image/1ed85e35e0ab10006ae92356874089edd74368eb', 'width': 320}, {'height': 160, 'url': 'https://i.scdn.co/image/6955535e0726c8a967036ef3b2d83ee48231299b', 'width': 160}]",Maluma,92,artist,spotify:artist:1r4hJ1h58CWwUQe3MxPuau
45,https://open.spotify.com/artist/1vyhD5VmyZ7KMfW5gqLgo5,,14952263,"['latin', 'reggaeton']",https://api.spotify.com/v1/artists/1vyhD5VmyZ7KMfW5gqLgo5,1vyhD5VmyZ7KMfW5gqLgo5,"[{'height': 640, 'url': 'https://i.scdn.co/image/7f49c99b5e1c1e0210729e062187518e99b19919', 'width': 640}, {'height': 320, 'url': 'https://i.scdn.co/image/afb31745387c36e19156b234dbb4a5c30e55fcd1', 'width': 320}, {'height': 160, 'url': 'https://i.scdn.co/image/9029a366dfe5a30622b4b002d4a17c5e0a1c7d94', 'width': 160}]",J Balvin,97,artist,spotify:artist:1vyhD5VmyZ7KMfW5gqLgo5
46,https://open.spotify.com/artist/38SWPOPO1YqxUPnT4AAoID,,34351,"['acoustic pop', 'indie cafe pop', 'neo mellow', 'pop', 'viral pop']",https://api.spotify.com/v1/artists/38SWPOPO1YqxUPnT4AAoID,38SWPOPO1YqxUPnT4AAoID,"[{'height': 640, 'url': 'https://i.scdn.co/image/a65e484d1b06011cc0d0007a92ba8472587b1f4c', 'width': 640}, {'height': 320, 'url': 'https://i.scdn.co/image/f0c06ce67ecce4863c14c72e5b02c35963c4f5f2', 'width': 320}, {'height': 160, 'url': 'https://i.scdn.co/image/9ec8c786fa6322ba0081826f2cc3edc7373301f6', 'width': 160}]",The Mayries,70,artist,spotify:artist:38SWPOPO1YqxUPnT4AAoID
47,https://open.spotify.com/artist/711MCceyCBcFnzjGY4Q7Un,,11901379,"['album rock', 'australian rock', 'hard rock', 'rock']",https://api.spotify.com/v1/artists/711MCceyCBcFnzjGY4Q7Un,711MCceyCBcFnzjGY4Q7Un,"[{'height': 1500, 'url': 'https://i.scdn.co/image/a16c5d95ede008ec905d6ca6d1b5abbf39ad4566', 'width': 1000}, {'height': 960, 'url': 'https://i.scdn.co/image/fb26e1c0e5779ac46b225651494ac14b6b8ebba7', 'width': 640}, {'height': 300, 'url': 'https://i.scdn.co/image/3d00e92fb05c62e2faf2908b34e6f24e0a4cb213', 'width': 200}, {'height': 96, 'url': 'https://i.scdn.co/image/2940421b19c6b8a26b073ef340290516ea0399e1', 'width': 64}]",AC/DC,85,artist,spotify:artist:711MCceyCBcFnzjGY4Q7Un
48,https://open.spotify.com/artist/1Cs0zKBU1kc0i8ypK3B9ai,,19296317,"['dance pop', 'edm', 'pop']",https://api.spotify.com/v1/artists/1Cs0zKBU1kc0i8ypK3B9ai,1Cs0zKBU1kc0i8ypK3B9ai,"[{'height': 640, 'url': 'https://i.scdn.co/image/3a8476a71714e7718a41a1157c40f93abb8cc750', 'width': 640}, {'height': 320, 'url': 'https://i.scdn.co/image/65459b708c6f80c0ca6699b17e9882f9fcdaee13', 'width': 320}, {'height': 160, 'url': 'https://i.scdn.co/image/fb479a0807777ba16fe1e6c048f6097ad495ac14', 'width': 160}]",David Guetta,89,artist,spotify:artist:1Cs0zKBU1kc0i8ypK3B9ai
49,https://open.spotify.com/artist/1dfeR4HaWDbWqFHLkxsg1d,,17894487,"['glam rock', 'rock']",https://api.spotify.com/v1/artists/1dfeR4HaWDbWqFHLkxsg1d,1dfeR4HaWDbWqFHLkxsg1d,"[{'height': 806, 'url': 'https://i.scdn.co/image/b040846ceba13c3e9c125d68389491094e7f2982', 'width': 999}, {'height': 516, 'url': 'https://i.scdn.co/image/af2b8e57f6d7b5d43a616bd1e27ba552cd8bfd42', 'width': 640}, {'height': 161, 'url': 'https://i.scdn.co/image/c06971e9ff81696699b829484e3be165f4e64368', 'width': 200}, {'height': 52, 'url': 'https://i.scdn.co/image/6dd0ffd270903d1884edf9058c49f58b03db893d', 'width': 64}]",Queen,91,artist,spotify:artist:1dfeR4HaWDbWqFHLkxsg1d
