Position,Team,Link
Account Executive (US remote),Business Development,https://www.typeform.com/careers/jobs/2544011/
Inbound SDR  (Remote US),Business Development,https://www.typeform.com/careers/jobs/2764213/
Customer Support Advocate (VideoAsk),Customer Success,https://www.typeform.com/careers/jobs/2945097/
Customer Success Manager (US Remote),Customer Success,https://www.typeform.com/careers/jobs/3033493/
Video Learning Production Specialist,Customer Success,https://www.typeform.com/careers/jobs/2689018/
Community Support Advocate,Customer Success,https://www.typeform.com/careers/jobs/3029880/
Data Devops,Data & Analytics,https://www.typeform.com/careers/jobs/2871412/
Data Warehouse Architect,Data & Analytics,https://www.typeform.com/careers/jobs/2995743/
Senior Machine Learning Specialist,Data & Analytics,https://www.typeform.com/careers/jobs/2551597/
Senior Data Scientist - Customer Success,Data & Analytics,https://www.typeform.com/careers/jobs/2699798/
Head of  Machine Learning,Data & Analytics,https://www.typeform.com/careers/jobs/2995658/
Head of Data Science & Analytics,Data & Analytics,https://www.typeform.com/careers/jobs/2430519/
Senior Designer,Design,https://www.typeform.com/careers/jobs/2236103/
Producer,Design,https://www.typeform.com/careers/jobs/2590346/
Senior Designer - Growth,Design,https://www.typeform.com/careers/jobs/2590989/
Principal Product Designer - VideoAsk,Design,https://www.typeform.com/careers/jobs/2984780/
Build & Release Manager,Engineering,https://www.typeform.com/careers/jobs/2951809/
"VP of Engineering, Technology",Engineering,https://www.typeform.com/careers/jobs/2948502/
"VP of Engineering, Product",Engineering,https://www.typeform.com/careers/jobs/2976178/
Senior Software Engineer (Remote EU),Engineering,https://www.typeform.com/careers/jobs/2626370/
Senior Frontend Engineer,Engineering,https://www.typeform.com/careers/jobs/2873940/
Senior DevOps Engineer,Engineering,https://www.typeform.com/careers/jobs/2991716/
QA Manager,Engineering,https://www.typeform.com/careers/jobs/2750994/
Engineering Manager,Engineering,https://www.typeform.com/careers/jobs/2450368/
Corporate FP&A Manager,Finance & Legal,https://www.typeform.com/careers/jobs/3032701/
General Hiring,General,https://www.typeform.com/careers/jobs/2086710/
Strategy Intern,General,https://www.typeform.com/careers/jobs/3020997/
Senior Writer,Marketing,https://www.typeform.com/careers/jobs/2967353/
Senior HR Business Partner (Engineering),People & Home,https://www.typeform.com/careers/jobs/2965949/
Senior Recruiter,People & Home,https://www.typeform.com/careers/jobs/2935909/
VP of People Experience,People & Home,https://www.typeform.com/careers/jobs/2933242/
Senior People Operations Specialist,People & Home,https://www.typeform.com/careers/jobs/2928166/
"Senior Product Manager, Teams and Collaboration",Product,https://www.typeform.com/careers/jobs/2674101/
Senior Product Partnerships Manager (US Remote),Product,https://www.typeform.com/careers/jobs/2966982/
Product Manager - Workflows,Product,https://www.typeform.com/careers/jobs/2949390/
Product Director - VideoAsk,Product,https://www.typeform.com/careers/jobs/2986613/
Director of Strategy & Organization,Strategy,https://www.typeform.com/careers/jobs/3033537/
Strategy and M&A Specialist,Strategy,https://www.typeform.com/careers/jobs/2930327/
